x,p_low,p_high,avg_p_low,avg_p_high
0.0025,0.00154,0.00232,0.0015,0.002296667
0.0025,0.00153,0.00219,,
0.0025,0.00143,0.00238,,
