x,p_low,p_high
0.0015,0.00143,0.002283
0.002,0.001303,0.00226
0.0025,0.0015,0.002297
0.003,0.0015,0.002423
0.0035,0.00152,0.002343
