x,p_low,p_high,avg_p_low,avg_p_high
0.002,0.00125,0.00204,0.001303333,0.00226
0.002,0.00123,0.00194,,
0.002,0.00143,0.0028,,
