x,p_low,p_high,avg_p_low,avg_p_high
0.0035,0.00149,0.00222,0.00152,0.002343333
0.0035,0.00152,0.0025,,
0.0035,0.00155,0.00231,,
