x,p_low,p_high,avg_p_low,avg_p_high
0.0015,0.00144,0.00208,0.00143,0.002283333
0.0015,0.00141,0.00241,,
0.0015,0.00144,0.00236,,
